permit_identifier,collection_system_identifier,collection_system_name,collection_system_owner_type_desc,collection_system_population,year,sso_event_count,sso_total_volume_gal,sso_first_event,sso_last_event
AK0022551,001,Anchorage Sanitary Sewer System,Municipality,291826.0,2023,13,13547.4,2023-06-05 12:10:00,2023-12-29 15:15:00
AK0022551,001,Anchorage Sanitary Sewer System,Municipality,291826.0,2024,17,21074.4,2024-01-18 21:00:00,2024-12-19 21:15:00
AK0022551,001,Anchorage Sanitary Sewer System,Municipality,291826.0,2025,2,2270.0,2025-05-11 13:00:00,2025-07-31 17:00:00
AZ0020524,001,CITY OF PHOENIX - 91ST AVENUE Collection System,Municipality,1700000.0,2023,7,17774.0,2023-09-05 06:30:00,2023-12-31 12:50:00
AZ0020524,001,CITY OF PHOENIX - 91ST AVENUE Collection System,Municipality,1700000.0,2024,19,65542.0,2024-01-14 16:51:00,2024-12-22 17:05:00
AZ0020524,001,CITY OF PHOENIX - 91ST AVENUE Collection System,Municipality,1700000.0,2025,4,5200.0,2025-02-03 08:00:00,2025-06-24 02:12:00
DC0021199,001,D.C. WASA Sanitary Sewer System,Municipality,689545.0,2023,30,2072474.0,2023-03-31 11:00:00,2023-12-17 19:30:00
DC0021199,001,D.C. WASA Sanitary Sewer System,Municipality,689545.0,2024,32,2138373.0,2024-01-12 09:24:00,2024-12-29 18:15:00
DC0021199,001,D.C. WASA Sanitary Sewer System,Municipality,689545.0,2025,50,342417.0,2025-01-01 16:11:00,2025-11-24 22:00:00
GU0110019,001,APRA HARBOR Collection System,Federal Facility (U.S. Government),8000.0,2024,6,1950.0,2024-04-15 10:30:00,2024-09-09 18:04:00
GU0110019,001,APRA HARBOR Collection System,Federal Facility (U.S. Government),8000.0,2025,3,320.0,2025-04-08 03:21:00,2025-12-03 07:41:00
ID0028002,001,Kamiah Sanitary Sewer System,Municipality,1933.0,2023,1,10.0,2023-12-17 12:00:00,2023-12-17 12:10:00
IL0003140,001,3M CORDOVA SSCS,Corporation,0.0,2025,2,0.0,2025-07-08 19:23:00,2025-08-25 17:45:00
IL0020052,001,"PLANO STP, CITY OF SSCS",Municipality,12472.0,2025,7,266.0,2025-01-06 12:00:00,2025-04-07 16:30:00
IL0020061,001,"WOOD DALE NORTH STP, CITY OF SSCS",Municipality,9800.0,2025,2,1000.0,2025-01-31 10:00:00,2025-01-31 13:37:00
IL0020087,001,GENEVA WWTP SSCS,Municipality,21228.0,2024,2,0.0,2024-12-26 19:00:00,2024-12-26 21:30:00
IL0020087,001,GENEVA WWTP SSCS,Municipality,21228.0,2025,1,0.0,2025-05-07 21:45:00,2025-05-08 00:00:00
IL0020109,001,WAUCONDA WWTF SSCS,Municipality,13932.0,2024,2,4800.0,2024-10-01 00:00:00,2024-11-16 17:30:00
IL0020109,001,WAUCONDA WWTF SSCS,Municipality,13932.0,2025,2,800.0,2025-02-20 14:45:00,2025-02-20 19:47:00
IL0020273,001,"FLORA STP, CITY OF SSCS",Municipality,4803.0,2025,7,237000044.8,2025-01-18 02:00:00,2025-05-06 21:00:00
IL0020354,001,"ANTIOCH STP, VILLAGE OF SSCS",Municipality,14622.0,2024,2,300.0,2024-11-13 22:01:00,2024-12-04 09:00:00
IL0020354,001,"ANTIOCH STP, VILLAGE OF SSCS",Municipality,14622.0,2025,6,3924.0,2025-01-01 11:00:00,2025-11-22 23:00:00
IL0020516,001,"CARY WWTP, VILLAGE OF SSCS",Municipality,17826.0,2025,2,12000.0,2025-04-16 06:00:00,2025-06-13 15:30:00
IL0020559,001,"NEW LENOX STP #1, VILLAGE OF SSCS",Municipality,18000.0,2025,2,45000.0,2025-04-02 19:00:00,2025-08-19 11:00:00
IL0020753,001,"FREEBURG EAST STP, VILLAGE OF  SSCS",Municipality,4582.0,2025,5,474850.0,2025-04-05 01:46:00,2025-04-05 21:34:00
IL0020761,001,"ABINGDON STP, CITY OF SSCS",Municipality,2951.0,2025,2,20.0,2025-02-11 10:00:00,2025-02-11 14:00:00
IL0020788,001,DANVILLE SANITARY DISTRICT STP SSCS,Municipality,28472.0,2025,1,4622000.0,2025-04-05 15:40:00,2025-04-06 14:00:00
IL0020818,001,FOX METRO WRD STP SSCS,Municipality,300000.0,2025,1,3000.0,2025-03-20 18:30:00,2025-03-20 19:30:00
IL0021016,001,ILLINOIS AMERICAN WATER - FISHER STP SSCS,Municipality,2062.0,2025,1,18000.0,2025-05-15 18:00:00,2025-05-16 04:00:00
IL0021059,001,"MARSEILLES WWTP, CITY OF SSCS",Municipality,4845.0,2025,1,60.0,2025-06-13 13:00:00,2025-06-13 20:30:00
IL0021113,001,MORRIS - MAIN STP SSCS,Municipality,4085.0,2025,1,18000.0,2025-04-02 19:15:00,2025-04-02 23:00:00
IL0021130,001,"BLOOMINGDALE-REEVES WRF, VILLAGE OF SSCS",Municipality,22016.0,2025,3,2600.0,2025-02-06 14:30:00,2025-09-21 06:30:00
IL0021181,001,"SWANSEA STP, VILLAGE OF SSCS",Municipality,14386.0,2025,1,20.0,2025-04-05 19:00:00,2025-04-06 01:00:00
IL0021237,001,CREVE COEUR SANITARY DISTRICT WWTP SSCS,Municipality,8242.0,2025,1,480.0,2025-04-11 20:00:00,2025-04-11 22:00:00
IL0021270,001,"BECKEMEYER STP, VILLAGE OF SSCS",Municipality,923.0,2025,1,1650000.0,2025-05-19 19:45:00,2025-05-22 12:00:00
IL0021288,001,GREATER PEORIA SANITARY AND SEWAGE DISTRICT SSCS,Municipality,132672.0,2025,5,1800.0,2025-03-02 12:46:00,2025-10-17 15:36:00
IL0021636,001,"O'FALLON STP, CITY OF SSCS",Municipality,32140.0,2025,2,400600.0,2025-03-15 07:00:00,2025-04-19 21:30:00
IL0021644,001,"CHARLESTON STP, CITY OF SSCS",Municipality,17119.0,2025,1,4800.0,2025-04-05 00:12:00,2025-04-05 01:00:00
IL0021695,001,"TOLUCA STP, CITY OF SSCS",Municipality,1340.0,2025,1,683020.0,2025-03-18 11:00:00,2025-03-20 00:00:00
IL0021717,001,"RUSHVILLE STP, CITY OF SSCS",Municipality,3005.0,2025,1,42000.0,2025-07-19 20:00:00,2025-07-19 20:50:00
IL0021725,001,"NEW ATHENS, VILLAGE OF SSCS",Municipality,1955.0,2025,1,1110000.0,2025-04-04 18:30:00,2025-04-06 07:30:00
IL0021733,001,LAKE IN THE HILLS SD STP SSCS,Municipality,28982.0,2024,1,200.0,2024-12-01 08:00:00,2024-12-01 11:30:00
IL0021733,001,LAKE IN THE HILLS SD STP SSCS,Municipality,28982.0,2025,1,100.0,2025-08-11 23:00:00,2025-08-11 23:30:00
IL0021784,001,KANKAKEE RIVER METROPOLITAN AGENCY STP SSCS,Municipality,27500.0,2025,1,21.6,2025-07-30 20:00:00,2025-07-30 21:26:00
IL0021873,001,"BELLEVILLE STP #1, CITY OF SSCS",Municipality,42404.0,2024,10,619640000.0,2024-12-08 08:00:00,2024-12-30 15:00:00
IL0021873,001,"BELLEVILLE STP #1, CITY OF SSCS",Municipality,42404.0,2025,62,18219438035.2,2025-01-01 06:00:00,2025-10-31 20:30:00
IL0021890,001,"SHELBYVILLE STP, CITY OF SSCS",Municipality,4674.0,2025,2,1024000.0,2025-03-18 03:00:00,2025-03-20 06:00:00
IL0021971,001,SANGAMON COUNTY WATER RECLAMATION DISTRICT  SSCS,Municipality,41000.0,2025,16,15816.6,2025-03-20 17:00:00,2025-07-24 15:10:00
IL0021989,001,SPRING CREEK STP SSCS,Municipality,106243.0,2024,1,69734.8,2024-12-03 10:15:00,2024-12-04 08:00:00
IL0021989,001,SPRING CREEK STP SSCS,Municipality,106243.0,2025,20,155919.0,2025-01-11 11:41:00,2025-04-23 19:00:00
IL0021997,001,"PINCKNEYVILLE, CITY OF SSCS",Municipality,5066.0,2024,2,190000.0,2024-11-14 14:00:00,2024-12-16 11:00:00
IL0021997,001,"PINCKNEYVILLE, CITY OF SSCS",Municipality,5066.0,2025,7,10658400.0,2025-02-15 16:45:00,2025-09-06 17:31:00
IL0022055,001,LAKE COUNTY PUBLIC WORKS DEPARTMENT SSCS,Municipality,48262.0,2024,1,3000.0,2024-12-02 15:00:00,2024-12-02 23:30:00
IL0022055,001,LAKE COUNTY PUBLIC WORKS DEPARTMENT SSCS,Municipality,48262.0,2025,3,10200.0,2025-02-21 12:00:00,2025-05-09 22:00:00
IL0022071,001,LCPWD-NEW CENTURY TOWN WRF SSCS,Municipality,23000.0,2025,3,70.0,2025-05-11 00:00:00,2025-09-07 23:30:00
IL0022322,001,"GEORGETOWN STP, CITY OF SSCS",Municipality,3143.0,2025,1,15.6,2025-04-07 12:00:00,2025-04-13 23:00:00
IL0022501,001,"MUNDELEIN STP, VILLAGE OF SSCS",Municipality,31560.0,2025,1,1400.0,2025-03-20 01:30:00,2025-03-20 03:00:00
IL0022519,001,"JOLIET EASTSIDE STP, CITY OF SSCS",Municipality,150362.0,2025,1,220000.0,2025-06-16 18:00:00,2025-06-16 21:00:00
IL0022527,001,"GLASFORD STP, VILLAGE OF SSCS",Municipality,866.0,2024,1,6.6,2024-11-05 06:00:00,2024-11-06 15:00:00
IL0022543,001,"BATAVIA WWTF, CITY OF SSCS",Municipality,26098.0,2025,2,100000000.0,2025-02-20 21:00:00,2025-03-03 12:47:00
IL0022586,001,FLAGG CREEK WRD - MCELWAIN STP SSCS,Municipality,253243.0,2024,1,1000.0,2024-11-11 06:45:00,2024-11-11 10:30:00
IL0022586,001,FLAGG CREEK WRD - MCELWAIN STP SSCS,Municipality,253243.0,2025,11,4960.0,2025-01-21 04:00:00,2025-11-07 16:05:00
IL0022675,001,CARLINVILLE STP SSCS,Municipality,5710.0,2025,13,107880000.0,2025-04-03 11:00:00,2025-11-21 21:00:00
IL0022772,001,"BREESE STP, CITY OF SSCS",Municipality,4641.0,2025,7,1097200.0,2025-04-05 01:00:00,2025-10-19 01:30:00
IL0023248,001,"MURPHYSBORO STP, CITY OF SSCS",Municipality,7093.0,2025,3,24000.0,2025-01-13 13:00:00,2025-04-06 09:00:00
IL0023264,001,"SALEM STP, CITY OF SSCS",Municipality,7282.0,2025,1,6000.0,2025-06-04 00:15:00,2025-06-04 00:45:00
IL0023281,001,"GIBSON CITY WPCF, CITY OF SSCS",Municipality,3475.0,2025,1,50.0,2025-09-19 20:00:00,2025-09-19 23:30:00
IL0023337,001,"ROYALTON STP, VILLAGE OF SSCS",Municipality,1068.0,2025,1,444000.0,2025-05-26 15:00:00,2025-06-04 21:00:00
IL0023345,001,"MILLEDGEVILLE STP, VILLAGE OF SSCS",Municipality,1026.0,2024,8,6307500.0,2024-12-20 08:00:00,2025-04-04 17:00:00
IL0023396,001,"PATOKA STP, VILLAGE OF  SSCS",Municipality,1200.0,2025,1,20.0,2025-04-05 08:00:00,2025-04-05 08:30:00
IL0023655,001,PRAIRIE PATH WATER COMPANY SSCS,Municipality,3667.0,2025,1,3600.0,2025-04-19 23:30:00,2025-04-20 05:30:00
IL0024201,001,"MOKENA, VILLAGE OF SSCS",Municipality,19887.0,2025,1,180000.0,2025-08-19 03:30:00,2025-08-19 07:30:00
IL0024384,001,BUSHNELL WEST STP SSCS,Municipality,2718.0,2025,2,200000.0,2025-07-19 15:00:00,2025-07-26 19:00:00
IL0024465,001,ILLINOIS AMERICAN WATER - JERSEYVILLE STP SSCS,Municipality,8337.0,2025,7,3102000.0,2025-04-04 22:00:00,2025-07-27 23:15:00
IL0024473,001,AQUA ILLINOIS - UNIVERSITY PARK WWTF SSCS,Privately Owned Facility,7145.0,2024,2,2515.0,2024-11-07 12:00:00,2024-11-26 14:10:00
IL0024473,001,AQUA ILLINOIS - UNIVERSITY PARK WWTF SSCS,Privately Owned Facility,7145.0,2025,4,1000.0,2025-01-29 12:00:00,2025-02-04 15:00:00
IL0025089,001,"MANTENO STW, VILLAGE OF SSCS",Municipality,9210.0,2025,2,476.6,2025-05-15 18:30:00,2025-06-08 23:15:00
IL0025135,001,BEARDSTOWN SD STP SSCS,Municipality,5951.0,2025,4,24120011.4,2025-03-04 07:30:00,2025-06-19 18:00:00
IL0025178,001,"CARTERVILLE STP, CITY OF SSCS",Municipality,5848.0,2025,4,10100000.0,2025-05-09 12:00:00,2025-06-20 12:00:00
IL0025232,001,STOOKEY TOWNSHIP MAIN STP SSCS,Municipality,17500.0,2024,1,165000.0,2024-11-04 08:00:00,2024-11-04 14:00:00
IL0025232,001,STOOKEY TOWNSHIP MAIN STP SSCS,Municipality,17500.0,2025,2,1398000.0,2025-03-14 05:00:00,2025-04-06 07:00:00
IL0025291,001,"MASCOUTAH STP, CITY OF SSCS",Municipality,8754.0,2025,8,3846000.0,2025-04-05 03:20:00,2025-04-05 19:55:00
IL0026310,001,"EDWARDSVILLE STP, CITY OF SSCS",Municipality,26808.0,2024,1,50400.0,2024-12-14 13:00:00,2024-12-16 08:00:00
IL0026310,001,"EDWARDSVILLE STP, CITY OF SSCS",Municipality,26808.0,2025,2,240000.0,2025-03-07 01:00:00,2025-03-07 21:00:00
IL0026450,001,DIXON - WASTEWATER TREATMENT PLANT SSCS,Municipality,15274.0,2025,2,600.0,2025-04-03 21:30:00,2025-04-18 14:00:00
IL0026701,001,TRENTON STP SSCS,Municipality,2690.0,2025,4,6900000.0,2025-04-04 23:00:00,2025-07-19 21:00:00
IL0027201,001,FOUR RIVERS SANITATION AUTHORITY STP SSCS,Municipality,242750.0,2024,2,2800.0,2024-12-30 12:30:00,2024-12-30 16:30:00
IL0027201,001,FOUR RIVERS SANITATION AUTHORITY STP SSCS,Municipality,242750.0,2025,39,611748.0,2025-01-06 12:50:00,2025-11-28 07:30:00
IL0027341,001,"MT. VERNON STP, CITY OF SSCS",Municipality,14600.0,2024,1,500.0,2024-12-16 07:00:00,2024-12-16 12:00:00
IL0027341,001,"MT. VERNON STP, CITY OF SSCS",Municipality,14600.0,2025,17,4300.0,2025-03-23 12:00:00,2025-06-06 16:25:00
IL0027367,001,A.J. LAROCCA WASTEWATER TREATMENT FACILITY SSCS,Municipality,12000.0,2025,3,600.0,2025-08-19 02:00:00,2025-08-19 03:00:00
IL0027464,001,"ALTON STP, CITY OF SSCS",Municipality,25676.0,2024,12,35016.6,2024-11-04 22:00:00,2024-11-05 15:00:00
IL0027464,001,"ALTON STP, CITY OF SSCS",Municipality,25676.0,2025,15,1177760.0,2025-02-14 09:00:00,2025-07-21 11:30:00
IL0027898,001,"CARBONDALE SOUTHEAST STP, CITY OF  SSCS",Municipality,21857.0,2024,1,280000.0,2024-11-14 15:00:00,2024-11-17 15:30:00
IL0027901,001,"CARLYLE STP, CITY OF  SSCS",Municipality,3253.0,2025,3,511800.0,2025-04-05 06:00:00,2025-05-10 19:00:00
IL0027910,001,"CARMI STP, CITY OF SSCS",Municipality,4865.0,2024,7,16120.0,2024-12-16 09:00:00,2024-12-17 16:00:00
IL0027910,001,"CARMI STP, CITY OF SSCS",Municipality,4865.0,2025,16,76849.2,2025-04-04 12:00:00,2025-06-05 19:20:00
IL0027944,001,"CARPENTERSVILLE MAIN STP, VILLAGE OF SSCS",Municipality,37983.0,2025,1,2000.0,2025-09-01 11:00:00,2025-09-02 22:30:00
IL0028061,001,MWRDGC CALUMET WRP SSCS,Municipality,984013.0,2025,1,2169000.0,2025-04-02 16:15:00,2025-04-03 04:30:00
IL0028215,001,COLLINSVILLE STP SSCS,Municipality,24366.0,2025,2,14600.0,2025-06-16 20:00:00,2025-11-26 18:30:00
IL0028282,001,"CRYSTAL LAKE WWTP #2, CITY OF  SSCS",Municipality,7700.0,2025,1,1000.0,2025-09-23 19:30:00,2025-09-23 23:00:00
IL0028321,001,SANITARY DISTRICT OF DECATUR MAIN STP SSCS,Municipality,70522.0,2025,1,70.0,2025-07-09 14:32:00,2025-07-09 15:55:00
IL0028347,001,DEERFIELD WRF SSCS,Municipality,20400.0,2025,4,103000.0,2025-02-14 05:45:00,2025-02-18 15:10:00
IL0028380,001,DOWNERS GROVE S.D. - WASTEWATER TREATMENT CENTER S,Municipality,65000.0,2025,5,39100.0,2025-02-25 20:16:00,2025-08-19 08:15:00
IL0028517,001,"DUQUOIN STP, CITY OF SSCS",Municipality,5827.0,2024,16,19280.0,2024-12-16 09:00:00,2024-12-29 19:15:00
IL0028517,001,"DUQUOIN STP, CITY OF SSCS",Municipality,5827.0,2025,37,1047882.0,2025-02-07 10:30:00,2025-09-26 20:00:00
IL0028541,001,"EAST DUNDEE WWTP, VILLAGE OF SSCS",Municipality,3152.0,2025,1,60.0,2025-06-16 20:05:00,2025-06-16 20:20:00
IL0028550,001,EAST MOLINE REGIONAL WWTP SSCS,Municipality,21374.0,2025,6,7200.0,2025-03-13 15:45:00,2025-06-27 13:45:00
IL0028592,001,METRO EAST FACILITY SANITARY DISTRICT CSO - SCSS,Municipality,999.0,2025,3,4050.0,2025-04-10 19:00:00,2025-04-22 21:30:00
IL0028592,001,METRO EAST FACILITY SANITARY DISTRICT SSCS,Municipality,999.0,2025,3,10125.0,2025-04-10 19:00:00,2025-04-22 21:30:00
IL0028592,001,METRO EAST FACILITY SANITARY DISTRICT SSCS,Privately Owned Facility,999.0,2025,3,2025.0,2025-04-10 19:00:00,2025-04-22 21:30:00
IL0028657,001,FOX RIVER WRD - ALBIN D PAGORSKI WRF SSCS,Municipality,141095.0,2025,2,715000.0,2025-07-14 16:13:00,2025-11-10 22:23:00
IL0028746,001,"ELMHURST STP, CITY OF SSCS",Municipality,45786.0,2025,3,30781.0,2025-10-19 10:07:00,2025-10-19 14:17:00
IL0028967,001,GLENDALE HEIGHTS - WWTP SSCS,Municipality,33176.0,2025,8,1672.6,2025-01-16 17:30:00,2025-10-17 23:30:00
IL0029343,001,KEWANEE STP SSCS,Municipality,12509.0,2025,1,360.0,2025-08-13 15:57:00,2025-08-13 18:30:00
IL0029424,001,LASALLE WASTEWATER TREATMENT PLANT - SOUTH SSCS,Municipality,9582.0,2025,3,2144736.0,2025-04-16 17:00:00,2025-09-18 20:30:00
IL0029467,001,"LAWRENCEVILLE STP, CITY OF SSCS",Municipality,4164.0,2025,16,1784.0,2025-07-28 13:00:00,2025-11-25 19:30:00
IL0029483,001,"LEBANON STP, CITY OF ",Municipality,4400.0,2024,1,51600.0,2024-11-04 16:15:00,2024-11-04 18:30:00
IL0029483,001,"LEBANON STP, CITY OF ",Municipality,4400.0,2025,18,2939100.0,2025-03-16 03:30:00,2025-07-21 15:00:00
IL0029530,001,"LIBERTYVILLE STP, VILLAGE OF SSCS",Municipality,20579.0,2024,4,800.0,2024-12-30 08:00:00,2024-12-30 11:00:00
IL0029688,001,"MACOMB STP, CITY OF SSCS",Municipality,15051.0,2025,3,108000.0,2025-03-20 05:30:00,2025-07-29 17:30:00
IL0029734,001,"MARION WRF, CITY OF SSCS",Municipality,17762.0,2024,25,2349000.0,2024-12-16 09:00:00,2024-12-29 14:00:00
IL0029734,001,"MARION WRF, CITY OF SSCS",Municipality,17762.0,2025,40,6739166.0,2025-01-30 03:00:00,2025-09-22 14:00:00
IL0029874,001,"METROPOLIS STP, CITY OF SSCS",Municipality,5969.0,2024,4,4623748.4,2024-12-27 02:50:00,2024-12-30 09:05:00
IL0029874,001,"METROPOLIS STP, CITY OF SSCS",Municipality,5969.0,2025,19,38096959.0,2025-01-05 06:00:00,2025-11-22 10:50:00
IL0029939,001,MOLINE SOUTH SLOPE STP SSCS,Municipality,42985.0,2025,5,20684.0,2025-01-31 09:40:00,2025-10-16 17:35:00
IL0029947,001,MOLINE - NORTH SLOPE STP SSCS,Municipality,42985.0,2025,1,41.0,2025-07-18 16:04:00,2025-07-18 16:45:00
IL0029980,001,"MONTICELLO STP, CITY OF SSCS",Municipality,5941.0,2025,1,400.0,2025-05-06 12:00:00,2025-05-07 14:00:00
IL0030023,001,"MOUNT CARMEL STP, CITY OF SSCS",Municipality,7015.0,2024,6,981000.0,2024-12-16 05:30:00,2024-12-29 20:00:00
IL0030023,001,"MOUNT CARMEL STP, CITY OF SSCS",Municipality,7015.0,2025,4,271800.0,2025-02-15 06:00:00,2025-04-07 12:00:00
IL0030171,001,NSWRD - CLAVEY ROAD WATER RECLAMATION FACILITY  SS,Municipality,67544.0,2025,1,1000.0,2025-08-27 14:30:00,2025-08-27 14:35:00
IL0030503,001,QUINCY WASTEWATER TREATMENT FACILITY SSCS,Municipality,39463.0,2025,4,3200.0,2025-05-20 04:30:00,2025-11-14 20:00:00
IL0030627,001,AQUA ILLINOIS - PEOTONE STP SSCS,Municipality,4150.0,2025,3,200.0,2025-01-24 10:00:00,2025-03-30 17:00:00
IL0030686,001,PITTSFIELD STP SSCS,Municipality,4206.0,2025,2,1200.0,2025-06-04 12:15:00,2025-06-24 00:13:00
IL0030732,001,"ROBINSON WWTP, CITY OF SSCS",Municipality,7150.0,2025,5,6532.0,2025-01-06 15:20:00,2025-04-07 13:00:00
IL0030741,001,"ROCHELLE WATER RECLAMATION, CITY OF SSCS",Municipality,9446.0,2025,1,200.0,2025-08-15 14:50:00,2025-08-15 22:00:00
IL0030783,001,"ROCK ISLAND MAIN STP, CITY OF SSCS",Municipality,39083.0,2025,1,10000.0,2025-03-11 15:00:00,2025-03-11 18:00:00
IL0031160,001,"SPARTA - SOUTHEAST STP, CITY OF SSCS",Municipality,4095.0,2024,1,360000.0,2024-11-04 11:00:00,2024-11-04 16:00:00
IL0031160,001,"SPARTA - SOUTHEAST STP, CITY OF SSCS",Municipality,4095.0,2025,2,423600.0,2025-04-05 00:00:00,2025-04-05 11:00:00
IL0031232,001,"STAUNTON STP, CITY OF SSCS",Municipality,5054.0,2025,1,4000.0,2025-05-15 19:30:00,2025-05-16 01:00:00
IL0031356,001,CHRISTIAN COUNTY WRD STP SSCS,Municipality,34032.0,2025,1,0.6,2025-07-08 23:15:00,2025-07-09 02:00:00
IL0031488,001,"TROY STP, CITY OF SSCS",Municipality,10960.0,2024,1,80000.0,2024-12-04 19:00:00,2024-12-04 21:00:00
IL0031488,001,"TROY STP, CITY OF SSCS",Municipality,10960.0,2025,2,8640000.0,2025-04-04 23:00:00,2025-04-07 11:00:00
IL0031526,001,URBANA-CHAMPAIGN SD - SOUTHWEST STP SSCS,Municipality,55682.0,2024,1,100.0,2024-12-19 09:00:00,2024-12-19 09:20:00
IL0031704,001,"WEST FRANKFORT STP, CITY OF SSCS",Municipality,7275.0,2025,4,180000.0,2025-02-15 15:00:00,2025-02-16 02:00:00
IL0031721,001,WBSD WASTEWATER TREATMENT PLANT SSCS,Municipality,12833.0,2025,1,2000.0,2025-10-06 19:00:00,2025-10-06 21:00:00
IL0031739,001,WHEATON SANITARY DISTRICT WWTF SSCS,Municipality,62000.0,2025,2,12000.0,2025-01-31 10:15:00,2025-01-31 12:35:00
IL0031852,001,"WOOD RIVER, CITY OF SSCS",Municipality,10464.0,2024,4,2232000.0,2024-12-29 00:00:00,2024-12-31 02:00:00
IL0031852,001,"WOOD RIVER, CITY OF SSCS",Municipality,10464.0,2025,44,158064000.0,2025-01-30 11:15:00,2025-11-25 06:30:00
IL0031933,001,NORTHERN MORAINE WW RECLAMATION DIST WWTP SSCS,Municipality,15500.0,2024,1,1000.0,2024-12-19 14:45:00,2024-12-19 15:25:00
IL0031933,001,NORTHERN MORAINE WW RECLAMATION DIST WWTP SSCS,Municipality,15500.0,2025,1,2000.0,2025-05-25 15:15:00,2025-05-25 15:45:00
IL0031984,001,IL AMERICAN WTR COMPANY-CHICKSAW HILLS WRF SSCS,Privately Owned Facility,7000.0,2025,1,2400.0,2025-06-26 17:30:00,2025-06-26 19:30:00
IL0032310,001,"FREEBURG WEST STP, VILLAGE OF SSCS",Municipality,4582.0,2025,3,8000.0,2025-04-05 02:15:00,2025-09-03 02:15:00
IL0032603,001,"NEW BADEN STP, VILLAGE OF  SSCS",Municipality,3428.0,2025,1,500.0,2025-07-15 17:00:00,2025-07-19 22:00:00
IL0032689,001,BOLINGBROOK STP #1 SSCS,Municipality,10500.0,2025,1,20.0,2025-06-25 18:43:00,2025-06-25 19:50:00
IL0032760,001,ILLINOIS AMERICAN WATER COMPANY SSCS,Privately Owned Facility,16667.0,2025,3,37500.0,2025-10-22 02:15:00,2025-11-30 13:00:00
IL0033481,001,"GRANITE CITY WWTP, CITY OF SSCS",Municipality,27549.0,2025,23,16394098.8,2025-04-04 21:00:00,2025-07-24 18:37:00
IL0034207,001,ILLINOIS AMERICAN WATER - ROSICLARE WWTP SSCS,Municipality,980.0,2024,4,177000.0,2024-12-16 10:48:00,2024-12-29 14:00:00
IL0034207,001,ILLINOIS AMERICAN WATER - ROSICLARE WWTP SSCS,Municipality,980.0,2025,23,674650.6,2025-01-05 12:20:00,2025-10-07 13:24:00
IL0034479,001,"HANOVER PARK STP #1, VLLAGE OF SSCS",Municipality,17400.0,2024,4,100.2,2024-11-18 19:00:00,2024-12-31 11:15:00
IL0034479,001,"HANOVER PARK STP #1, VLLAGE OF SSCS",Municipality,17400.0,2025,3,50.0,2025-04-02 16:00:00,2025-06-26 17:30:00
IL0034495,001,PEKIN STP #1 SSCS,Municipality,31731.0,2025,48,82003284.0,2025-03-04 11:00:00,2025-10-19 03:00:00
IL0036421,001,ILLINOIS AMERICAN WATER-GODFREY WASTEWATER SSCS,Municipality,17825.0,2025,6,117000.0,2025-04-04 23:00:00,2025-04-20 05:30:00
IL0037800,001,"PEORIA CSOS, CITY OF SSCS",Municipality,999.0,2025,1,800000.0,2025-10-28 01:20:00,2025-10-28 09:45:00
IL0041335,001,"NEW MINDEN STP, VILLAGE OF SSCS",Municipality,175.0,2025,1,1600.0,2025-05-16 23:00:00,2025-05-20 17:30:00
IL0042412,001,WASHINGTON STP #2 SSCS,Municipality,15200.0,2025,1,144000.0,2025-07-07 13:00:00,2025-07-07 16:30:00
IL0044792,001,"DIETERICH STP, VILLAGE OF SSCS",Municipality,890.0,2025,1,1000.0,2025-08-27 00:30:00,2025-08-27 13:00:00
IL0045993,001,ILLINOIS - AMERICAN WATER COMPANY- DERBY MEADOWS W,Privately Owned Facility,15000.0,2025,1,175.0,2025-06-11 17:00:00,2025-06-11 19:30:00
IL0046141,001,SANGAMON VALLEY PWD STP SSCS,Municipality,6667.0,2025,1,200.0,2025-04-16 17:00:00,2025-04-16 23:00:00
IL0048232,001,ST. CLAIR TOWNSHIP LINCOLNSHIRE STP SSCS,Municipality,35758.0,2024,1,63000.0,2024-11-04 17:00:00,2024-11-04 18:30:00
IL0048232,001,ST. CLAIR TOWNSHIP LINCOLNSHIRE STP SSCS,Municipality,35758.0,2025,3,792000.0,2025-04-05 05:30:00,2025-04-06 13:30:00
IL0048518,001,"AURORA, CITY OF SSCS",Municipality,999.0,2025,5,1566.6,2025-03-04 20:30:00,2025-10-16 18:00:00
IL0048721,001,ROSELLE-J. BOTTERMAN STP SSCS,Municipality,7500.0,2024,1,400.0,2024-11-05 09:30:00,2024-11-05 10:30:00
IL0048755,001,"OLNEY STP, CITY OF SSCS",Municipality,8701.0,2025,8,45034.6,2025-04-05 10:00:00,2025-04-21 17:00:00
IL0049522,001,"BEECHER STP, VILLAGE OF SSCS",Municipality,4713.0,2025,9,3000.0,2025-03-04 01:30:00,2025-03-10 17:00:00
IL0050202,001,AQUA ILLINOIS - PLUM CREEK STP SSCS,Privately Owned Facility,5000.0,2024,1,60.0,2024-12-09 14:20:00,2024-12-09 15:30:00
IL0050202,001,AQUA ILLINOIS - PLUM CREEK STP SSCS,Privately Owned Facility,5000.0,2025,3,8640.0,2025-03-28 21:30:00,2025-08-17 22:30:00
IL0050717,001,AQUA ILLINOIS - GRANT PARK STP SSCS,Municipality,1294.0,2025,2,33500.0,2025-03-04 19:30:00,2025-07-30 21:00:00
IL0053201,001,LAKE IROQUOIS SUBDIVISION STP SSCS,Privately Owned Facility,1200.0,2025,1,200.0,2025-06-01 15:00:00,2025-06-01 17:00:00
IL0055182,001,"GENOA STP, CITY OF SSCS",Municipality,5298.0,2025,2,800.0,2025-01-23 13:00:00,2025-01-23 15:45:00
IL0055344,001,INDIAN COVE SUBDIVISION STP SSCS,Privately Owned Facility,550.0,2024,1,15540.0,2024-12-17 12:30:00,2024-12-17 15:30:00
IL0055581,001,"CAVE IN ROCK STP, VILLAGE OF SSCS",Municipality,228.0,2025,1,1000.0,2025-05-31 01:30:00,2025-05-31 14:00:00
IL0059005,001,ILLINOIS AMERICAN WATER - VILLA GROVE STP SSCS,Municipality,2472.0,2024,1,1208.6,2024-11-07 08:44:00,2024-11-08 14:57:00
IL0059005,001,ILLINOIS AMERICAN WATER - VILLA GROVE STP SSCS,Municipality,2472.0,2025,2,2000.0,2025-03-04 13:00:00,2025-03-04 18:15:00
IL0061085,001,GALENA TERRITORY UTILITIES INC STP SSCS,Privately Owned Facility,3333.0,2025,2,3000.0,2025-02-01 12:40:00,2025-02-03 14:50:00
IL0065145,001,SAUGET-ABRTF SSCS,Municipality,141.0,2025,1,1568616.0,2025-03-15 04:08:00,2025-03-15 07:33:00
IL0067903,001,Axium Foods SSCS,Corporation,0.0,2024,1,8000.0,2024-12-09 06:30:00,2024-12-09 06:30:00
IL0068764,001,"GILBERTS WWTP, VILLAGE OF SSCS",Municipality,8366.0,2025,1,20.0,2025-10-28 23:30:00,2025-10-30 15:00:00
IL0070505,001,"ELGIN, CITY OF SSCS",Municipality,999.0,2024,1,440.0,2024-12-04 15:00:00,2024-12-05 13:00:00
IL0070874,001,PORT BARRINGTON SHORES STP SSCS,Privately Owned Facility,200.0,2025,1,996.0,2025-08-27 23:00:00,2025-08-28 02:00:00
IL0071773,001,"GERMANTOWN HILLS STP #2, VILLAGE OF SSCS",Municipality,3412.0,2025,1,5040.0,2025-05-04 20:45:00,2025-05-04 23:30:00
IL0071978,001,"EDDYVILLE STP, VILLAGE OF SSCS",Municipality,99.0,2025,12,6460.0,2025-04-12 14:00:00,2025-11-02 20:30:00
IL0072001,001,BLOOMINGTON CSOS SSCS,Municipality,999.0,2025,3,1054000.0,2025-02-23 09:15:00,2025-09-24 15:00:00
IL0072931,001,CHESTER STP SSCS,Municipality,6814.0,2024,1,150000.0,2024-11-04 23:30:00,2024-11-05 01:30:00
IL0072931,001,CHESTER STP SSCS,Municipality,6814.0,2025,9,59300.0,2025-03-15 00:30:00,2025-11-01 04:00:00
IL0075191,001,GALENA SOUTH WWTF SSCS,Municipality,3429.0,2025,2,130.0,2025-03-14 20:00:00,2025-09-25 12:30:00
IL0077356,001,ROXANA STP SSCS,Municipality,1454.0,2024,1,14850.0,2024-11-05 10:40:00,2024-11-05 13:40:00
IL0080128,001,"ALTO PASS STP, VILLAGE OF SSCS",Municipality,319.0,2025,1,200.0,2025-06-11 14:40:00,2025-06-12 18:15:00
ILG551104,001,IAW - HARDIN - STP SSCS,Privately Owned Facility,801.0,2025,7,80600.0,2025-02-25 09:00:00,2025-06-27 22:00:00
ILG580010,001,"POCAHONTAS STP, VILLAGE OF SSCS",Municipality,697.0,2025,1,46000.0,2025-04-06 01:19:00,2025-04-06 11:12:00
ILG580034,001,"PALESTINE STP, VILLAGE OF SSCS",Municipality,1233.0,2024,1,150.0,2024-10-16 16:00:00,2024-10-16 17:30:00
ILG580052,001,"OLMSTED STP, VILLAGE OF SSCS",Municipality,285.0,2025,3,345000.0,2025-04-06 17:00:00,2025-04-07 16:00:00
ILG580053,001,LAKE OF EGYPT SEWER DISTRICT STP SSCS,Municipality,3750.0,2025,1,2000.0,2025-08-04 21:50:00,2025-08-04 22:50:00
ILG580055,001,"HARRISTOWN STP, VILLAGE OF SSCS",Municipality,1310.0,2025,1,26250.0,2025-08-13 00:00:00,2025-08-13 01:15:00
ILG580115,001,"LIVINGSTON WWTP, VILLAGE OF SSCS",Municipality,763.0,2025,3,14040.0,2025-04-04 22:00:00,2025-05-28 17:30:00
ILG580129,001,"BELLE RIVE STP, VILLAGE OF SSCS",Municipality,309.0,2025,4,0.0,2025-09-25 09:00:00,
ILG580148,001,"AVA STP, CITY OF SSCS",Municipality,553.0,2025,1,20000.0,2025-04-03 16:00:00,2025-04-06 20:00:00
ILG580189,001,"HANOVER STP, VILLAGE OF SSCS",Municipality,863.0,2025,2,297000.0,2025-07-28 13:15:00,2025-07-30 21:30:00
ILG580217,001,"HOPKINS PARK WTP, VILLAGE OF SSCS",Municipality,597.0,2025,3,39600.0,2025-02-18 07:45:00,2025-08-05 15:30:00
ILG580253,001,"THEBES STP, VILLAGE OF SSCS",Municipality,208.0,2025,1,10000.0,2025-07-10 17:00:00,2025-07-14 21:00:00
ILG580268,001,"OKAWVILLE STP, VILLAGE OF SSCS",Municipality,1369.0,2025,3,1239531.2,2025-04-04 13:00:00,2025-04-05 14:30:00
ILG582003,001,"MOUNDS STP, CITY OF SSCS",Municipality,661.0,2025,4,23430000.0,2025-04-05 14:00:00,2025-04-16 21:15:00
ILG582004,001,"VIRGINIA STP, CITY OF SSCS",Municipality,1514.0,2025,2,10100.0,2025-02-03 13:00:00,2025-02-26 20:00:00
ILG582005,001,"EL PASO STP, CITY OF SSCS",Municipality,2756.0,2025,2,172000.0,2025-02-11 08:00:00,2025-02-13 11:00:00
ILG582007,001,"MCLEANSBORO STP, VILLAGE OF SSCS",Municipality,2675.0,2024,2,0.0,2024-12-30 10:00:00,2024-12-30 12:00:00
ILG582008,001,"ROSEVILLE STP, VILLAGE OF SSCS",Municipality,7607.0,2025,1,72000.0,2025-07-26 12:30:00,2025-07-26 15:30:00
MA0100218,001,Amherst Sewer Collection System,Municipality,999.0,2023,1,200.0,2023-11-04 14:00:00,2023-11-04 16:10:00
MA0100218,001,Amherst Sewer Collection System,Municipality,999.0,2024,6,104280.0,2024-01-10 02:35:00,2024-03-11 04:30:00
MITEST001,1,,,,2023,1,1000.0,2023-05-11 00:30:00,2023-05-12 11:00:00
MS0043478,001,BOGUE CHITTO SSCS,Tribal Government,1455.0,2024,5,269540.0,2024-01-11 15:00:00,2024-06-04 15:31:00
MS0043494,001,STANDING PINE SSCS,Tribal Government,227.0,2023,1,8400.0,2023-11-14 08:00:00,2023-11-14 15:00:00
NE0020915,001,Beatrice Sanitary Sewer System,Municipality,12459.0,2025,1,7920.0,2025-06-09 14:00:00,2025-06-09 19:00:00
NE0021148,001,Falls City Sanitary Sewer System,Municipality,4325.0,2024,3,144030.0,2024-05-30 23:00:00,2024-10-18 11:30:00
NE0021148,001,Falls City Sanitary Sewer System,Municipality,4325.0,2025,3,20300.0,2025-06-29 15:00:00,2025-07-24 17:45:00
NE0021199,001,David City Sanitary Sewer System,Municipality,2906.0,2024,1,432000.0,2024-06-26 01:00:00,2024-06-26 13:00:00
NE0021245,001,Nebraska City Sanitary Sewer System,Municipality,7289.0,2025,1,16230.0,2025-08-24 05:00:00,2025-08-29 20:15:00
NE0023876,001,Seward Sanitary Sewer System,Municipality,6964.0,2024,4,2400.0,2024-10-08 09:15:00,2024-12-18 14:15:00
NE0023876,001,Seward Sanitary Sewer System,Municipality,6964.0,2025,8,23080.0,2025-02-19 10:00:00,2025-10-07 21:15:00
NE0027324,001,St Paul Sanitary Sewer System,Municipality,2362.0,2025,2,300.0,2025-03-14 14:30:00,2025-11-27 11:00:00
NE0031844,001,Humboldt Sanitary Sewer System,Municipality,863.0,2023,1,18000.0,2023-05-05 10:00:00,2023-05-05 22:00:00
NE0034304,001,Crete Sanitary Sewer System,Municipality,7043.0,2024,1,40800.0,2024-06-05 13:00:00,2024-06-07 16:00:00
NE0040932,001,York Sanitary Sewer System,Municipality,7841.0,2025,2,7200.0,2025-02-05 11:54:00,2025-02-05 14:30:00
NE0043702,001,Grand Island Sanitary Sewer System,Municipality,51147.0,2023,2,60.0,2023-04-25 10:00:00,2023-04-30 22:00:00
NE0043702,001,Grand Island Sanitary Sewer System,Municipality,51147.0,2024,4,36.0,2024-06-04 08:37:00,2024-08-13 23:30:00
NE0043702,001,Grand Island Sanitary Sewer System,Municipality,51147.0,2025,10,110.0,2025-02-07 06:39:00,2025-11-29 20:00:00
NE0112810,001,Omaha CSO Sanitary Sewer System (Papillion Creek),Municipality,350000.0,2023,8,1875.6,2023-01-31 11:30:00,2023-05-23 17:15:00
NE0112810,001,Omaha CSO Sanitary Sewer System (Papillion Creek),Municipality,350000.0,2025,11,48360.0,2025-07-09 12:00:00,2025-08-30 13:30:00
NE0132632,001,Hanson's Lake-SID No 101,Municipality,720.0,2025,1,2000.0,2025-07-07 14:15:00,2025-07-07 14:45:00
NE0133680,001,Omaha CSO Sanitary Sewer System (Missouri River),Municipality,100000.0,2023,4,79800.0,2023-02-08 09:00:00,2023-04-14 21:15:00
NE0133680,001,Omaha CSO Sanitary Sewer System (Missouri River),Municipality,100000.0,2025,3,4948.0,2025-07-25 18:00:00,2025-10-06 08:30:00
NE0139611,001,Verdigre Sanitary Sewer System,Municipality,527.0,2022,1,300.0,2022-04-15 17:00:00,2022-04-15 19:30:00
NH0100129,001,HOOKSETT SANITARY SEWER SYSTEM,Municipality,999.0,2022,1,1000.0,2022-05-05 16:00:00,2022-05-05 19:30:00
NH0100129,001,HOOKSETT SANITARY SEWER SYSTEM,Municipality,999.0,2023,1,6000.0,2023-12-18 10:00:00,2023-12-18 17:00:00
NH0100153,001,LITTLETON SANITARY SEWER SYSTEM,Municipality,999.0,2022,1,160.0,2022-09-21 14:00:00,2022-09-30 17:00:00
NH0100153,001,LITTLETON SANITARY SEWER SYSTEM,Municipality,999.0,2023,5,10436.0,2023-01-16 10:21:00,2023-12-13 12:00:00
NH0100161,001,MERRIMACK SANITARY SEWER SYSTEM,Municipality,999.0,2022,1,150.0,2022-08-16 11:30:00,2022-08-16 11:45:00
NH0100161,001,MERRIMACK SANITARY SEWER SYSTEM,Municipality,999.0,2023,2,1003.0,2023-03-16 10:00:00,2023-05-02 14:15:00
NH0100161,001,MERRIMACK SANITARY SEWER SYSTEM,Municipality,999.0,2024,5,22701.0,2024-01-22 07:30:00,2024-04-30 13:21:00
NH0100161,001,MERRIMACK SANITARY SEWER SYSTEM,Municipality,999.0,2025,1,200.0,2025-04-28 16:30:00,2025-04-28 19:00:00
NH0100170,001,NASHUA SANITARY SEWER SYSTEM,Municipality,999.0,2025,9,31017700.0,2025-08-19 14:10:00,2025-11-25 17:10:00
NH0100200,001,NEWPORT SANITARY SEWER SYSTEM,Municipality,999.0,2025,3,300.0,2025-01-16 12:24:00,2025-05-18 17:00:00
NH0100366,001,LEBANON SANITARY SEWER SYSTEM,Municipality,7300.0,2022,1,20.0,2022-06-04 14:16:00,2022-06-04 14:17:00
NH0100366,001,LEBANON SANITARY SEWER SYSTEM,Municipality,7300.0,2023,2,220.0,2023-05-30 16:00:00,2023-09-08 11:00:00
NH0100366,001,LEBANON SANITARY SEWER SYSTEM,Municipality,7300.0,2024,3,72802.0,2024-07-18 09:10:00,2024-10-22 13:45:00
NH0100366,001,LEBANON SANITARY SEWER SYSTEM,Municipality,7300.0,2025,2,4000.0,2025-07-12 23:45:00,2025-08-12 14:20:00
NH0100447,001,MANCHESTER SANITARY SEWER SYSTEM,Municipality,999.0,2022,19,745001.8,2022-02-22 21:00:00,2022-12-23 15:20:00
NH0100447,001,MANCHESTER SANITARY SEWER SYSTEM,Municipality,999.0,2023,24,33441560.0,2023-01-26 02:10:00,2023-12-18 16:35:00
NH0100447,001,MANCHESTER SANITARY SEWER SYSTEM,Municipality,999.0,2024,13,228433.2,2024-01-10 02:35:00,2024-08-19 20:30:00
NH0100447,001,MANCHESTER SANITARY SEWER SYSTEM,Municipality,999.0,2025,14,141166.8,2025-01-03 12:59:00,2025-10-20 12:30:00
NH0100595,001,JAFFREY SANITARY SEWER SYSTEM,Municipality,999.0,2022,4,9180.0,2022-03-21 06:00:00,2022-08-25 18:30:00
NH0100595,001,JAFFREY SANITARY SEWER SYSTEM,Municipality,999.0,2023,2,170.0,2023-01-28 00:15:00,2023-09-25 09:00:00
NH0100595,001,JAFFREY SANITARY SEWER SYSTEM,Municipality,999.0,2024,1,6400.0,2024-03-23 23:30:00,2024-03-24 07:30:00
NH0100625,001,HAMPTON SANITARY SEWER SYSTEM,Municipality,999.0,2023,2,8000.0,2023-07-18 11:45:00,2023-07-18 12:00:00
NH0100625,001,HAMPTON SANITARY SEWER SYSTEM,Municipality,999.0,2025,2,142.0,2025-02-15 07:22:00,2025-02-15 09:30:00
NH0100668,001,ROCHESTER SANITARY SEWER SYSTEM,Municipality,14409.0,2024,2,27742.0,2024-04-15 12:00:00,2024-05-02 07:30:00
NH0100790,001,KEENE SANITARY SEWER SYSTEM,Municipality,23000.0,2022,2,80.0,2022-09-12 07:45:00,2022-10-31 10:30:00
NH0100790,001,KEENE SANITARY SEWER SYSTEM,Municipality,23000.0,2023,2,160.0,2023-03-20 13:15:00,2023-06-08 10:00:00
NH0100790,001,KEENE SANITARY SEWER SYSTEM,Municipality,23000.0,2024,4,460.0,2024-04-15 16:15:00,2024-12-16 16:00:00
NH0100790,001,KEENE SANITARY SEWER SYSTEM,Municipality,23000.0,2025,2,120.0,2025-09-20 17:00:00,2025-11-05 19:05:00
NH0100871,001,EXETER SANITARY SEWER SYSTEM,Municipality,999.0,2023,3,2628.2,2023-04-20 09:50:00,2023-12-27 14:30:00
NH0100871,001,EXETER SANITARY SEWER SYSTEM,Municipality,999.0,2025,1,16920.0,2025-09-30 12:00:00,2025-10-03 10:30:00
NH0100901,001,CONCORD-HALL STREET SANITARY SEWER SYSTEM,Municipality,999.0,2024,1,800.0,2024-03-13 11:00:00,2024-03-13 13:00:00
NH0100960,001,WINNIPESAUKEE RIVER BASIN PROGRAM SANITARY SEWER S,Municipality,0.0,2025,2,24000.0,2025-08-04 13:00:00,2025-11-29 06:00:00
NH0100986,001,PITTSFIELD SANITARY SEWER SYSTEM,Municipality,999.0,2023,1,600.0,2023-08-17 15:35:00,2023-08-17 15:45:00
NH0101257,001,CLAREMONT SANITARY SEWER SYSTEM,Municipality,9000.0,2022,1,1000.0,2022-11-13 23:00:00,2022-11-14 09:38:00
NH0101303,001,SEABROOK SANITARY SEWER SYSTEM,Municipality,999.0,2023,1,600.0,2023-07-11 10:10:00,2023-07-11 13:00:00
NH0101303,001,SEABROOK SANITARY SEWER SYSTEM,Municipality,999.0,2024,2,20100.0,2024-06-11 11:00:00,2024-06-13 08:22:00
NH0101303,001,SEABROOK SANITARY SEWER SYSTEM,Municipality,999.0,2025,2,400000.0,2025-01-15 22:00:00,2025-01-16 14:30:00
NHG580013,001,NEWMARKET SANITARY SEWER SYSTEM,Municipality,999.0,2024,2,1600.0,2024-08-14 00:00:00,2024-12-14 14:30:00
NHG580013,001,NEWMARKET SANITARY SEWER SYSTEM,Municipality,999.0,2025,1,100.0,2025-06-23 15:30:00,2025-06-23 15:31:00
NHG580242,001,PLYMOUTH SANITARY SEWER SYSTEM,Municipality,999.0,2022,2,10600.0,2022-05-03 12:00:00,2022-06-08 07:00:00
NHG580242,001,PLYMOUTH SANITARY SEWER SYSTEM,Municipality,999.0,2023,2,24200.0,2023-05-17 11:30:00,2023-06-01 10:00:00
NHG580242,001,PLYMOUTH SANITARY SEWER SYSTEM,Municipality,999.0,2024,1,40.0,2024-09-06 13:00:00,2024-09-06 13:30:00
NHG580315,001,COLEBROOK SANITARY SEWER SYSTEM,Municipality,1394.0,2022,1,50.0,2022-02-28 10:30:00,2022-02-28 10:45:00
NHG580315,001,COLEBROOK SANITARY SEWER SYSTEM,Municipality,1394.0,2024,2,2080.0,2024-01-09 04:30:00,2024-03-12 09:00:00
NHG581141,001,NEWINGTON SANITARY SEWER SYSTEM,Municipality,999.0,2022,1,0.2,2022-05-27 07:00:00,
NN0020265,001,CHINLE Collection System,Tribal Government,4500.0,2024,1,10000.0,2024-02-22 13:00:00,2024-02-22 20:00:00
NN0020281,001,KAYENTA Collection System,Tribal Government,3666.0,2024,7,19710.0,2024-02-27 17:00:00,2024-09-23 01:00:00
NN0020281,001,KAYENTA Collection System,Tribal Government,3666.0,2025,5,4200.0,2025-01-03 06:00:00,2025-10-20 19:30:00
NN0020290,001,TUBA CITY Collection System,Tribal Government,8660.0,2024,2,400.0,2024-04-24 12:00:00,2024-06-06 10:00:00
NN0020621,001,SHIPROCK Collection System,Tribal Government,5783.0,2025,1,12000.0,2025-06-01 17:30:00,2025-06-02 05:00:00
NN0021555,001,WINDOW ROCK Collection System,Tribal Government,12234.0,2024,4,901218.2,2024-05-07 10:00:00,2024-07-31 15:00:00
NN0021555,001,WINDOW ROCK Collection System,Tribal Government,12234.0,2025,8,125632776.0,2025-01-19 10:00:00,2025-09-29 12:00:00
NN0030344,001,TWIN ARROWS WWTP Collection System,Tribal Government,14800.0,2024,2,90000.0,2024-04-15 04:00:00,2024-08-02 11:00:00
NN0030344,001,TWIN ARROWS WWTP Collection System,Tribal Government,14800.0,2025,1,600.0,2025-05-10 14:30:00,2025-05-10 15:00:00
PR0020427,001,PRASA CIALES WWTP COLLECTION SYSTEM,State Government,6714.0,2025,3,5450.0,2025-08-15 15:40:00,2025-11-12 19:50:00
PR0020451,001,PRASA COROZAL WWTP COLLECTION SYSTEM,State Government,7825.0,2025,3,20850.0,2025-09-03 18:40:00,2025-10-07 17:47:00
PR0020460,001,PRASA DORADO WWTP COLLECTION SYSTEM,State Government,24523.0,2025,18,1884000.0,2025-08-08 16:00:00,2025-12-02 16:30:00
PR0020486,001,PRASA GUANICA WWTP COLLECTION SYSTEM,State Government,5749.0,2025,1,8000.0,2025-09-24 16:30:00,2025-09-26 13:30:00
PR0020575,001,PRASA LAJAS WWTP COLLECTION SYSTEM,State Government,7360.0,2025,5,150900.0,2025-09-26 15:59:00,2025-10-28 12:00:00
PR0020583,001,PRASA LAS MARIAS WWTP COLLECTION SYSTEM,State Government,2560.0,2025,1,87000.0,2025-09-29 13:30:00,2025-09-29 18:20:00
PR0020711,001,PRASA MOROVIS WWTP COLLECTION SYSTEM,State Government,11960.0,2025,1,2600.0,2025-10-28 09:50:00,2025-10-28 10:16:00
PR0020737,001,PRASA NARANJITO WWTP COLLECTION SYSTEM,State Government,8754.0,2025,2,295500.0,2025-09-10 14:20:00,2025-09-15 20:30:00
PR0020745,001,PRASA OROCOVIS WWTP COLLECTION SYSTEM,State Government,1643.0,2025,1,31500.0,2025-08-03 12:30:00,2025-08-03 14:15:00
PR0020753,001,PRASA PATILLAS WWTP COLLECTION SYSTEM,State Government,6784.0,2025,12,63850.0,2025-08-14 12:00:00,2025-09-22 16:40:00
PR0020818,001,PRASA SAN GERMAN WWTP COLLECTION SYSTEM,State Government,17616.0,2025,1,7500.0,2025-10-23 12:50:00,2025-10-23 13:15:00
PR0020851,001,PRASA SAN SEBASTIAN (OLD) WWTP COLLECTION SYSTEM,State Government,6432.0,2025,2,24000.0,2025-10-01 19:10:00,2025-10-16 17:00:00
PR0020869,001,PRASA TOA ALTA WWTP COLLECTION SYSTEM,State Government,6357.0,2025,6,1244600.0,2025-08-25 14:15:00,2025-12-03 21:20:00
PR0020923,001,PRASA VEGA ALTA WWTP COLLECTION SYSTEM,State Government,13867.0,2025,11,6723975.0,2025-08-17 18:50:00,2025-11-20 21:12:00
PR0021237,001,PRASA BARCELONETA WWTP COLLECTION SYSTEM,State Government,44500.0,2025,10,1262100.0,2025-08-22 13:00:00,2025-12-03 14:00:00
PR0021555,001,PRASA PUERTO NUEVO WWTP COLLECTION SYSTEM,State Government,883200.0,2025,11,189900.0,2025-08-29 15:30:00,2025-09-29 14:30:00
PR0021563,001,PRASA PONCE WWTP COLLECTION SYSTEM,State Government,192000.0,2025,1,19500.0,2025-08-27 19:55:00,2025-08-27 21:00:00
PR0021661,001,PRASA YAUCO WWTP COLLECTION SYSTEM,State Government,24384.0,2025,1,4500.0,2025-08-31 12:30:00,2025-08-31 12:45:00
PR0021679,001,PRASA VEGA BAJA WWTP COLLECTION SYSTEM,State Government,37413.0,2025,8,93650.0,2025-08-06 16:00:00,2025-12-01 09:55:00
PR0021717,001,PRASA YABUCOA WWTP COLLECTION SYSTEM,State Government,9200.0,2025,5,1240500.0,2025-08-22 17:30:00,2025-11-04 12:20:00
PR0022250,001,PRASA ISABELA WWTP COLLECTION SYSTEM,State Government,20240.0,2025,2,37500.0,2025-09-25 15:15:00,2025-10-17 22:00:00
PR0023710,001,PRASA ARECIBO WWTP COLLECTION SYSTEM,State Government,53319.0,2025,16,2789353.2,2025-08-17 14:30:00,2025-11-19 12:30:00
PR0023728,001,PRASA BAYAMON WWTP COLLECTION SYSTEM,State Government,539733.0,2025,10,1176300.0,2025-08-16 17:00:00,2025-11-26 10:30:00
PR0023736,001,PRASA AGUADILLA WWTP COLLECTION SYSTEM,State Government,76800.0,2025,12,151700.0,2025-08-21 13:50:00,2025-11-13 14:20:00
PR0023744,001,PRASA CAMUY-HATILLO WWTP COLLECTION SYSTEM,State Government,21333.0,2025,16,1014100.0,2025-08-22 04:42:00,2025-11-17 16:10:00
PR0023752,001,PRASA CAROLINA WWTP COLLECTION SYSTEM,State Government,243680.0,2025,21,820400.0,2025-08-08 12:30:00,2025-10-23 13:36:00
PR0023761,001,PRASA SANTA ISABEL WWTP COLLECTION SYSTEM,State Government,26103.0,2025,1,1800.0,2025-10-12 13:00:00,2025-10-12 13:06:00
PR0023795,001,PRASA MAYAGUEZ   WWTP COLLECTION SYSTEM,State Government,207655.0,2025,34,1893700.0,2025-08-07 19:00:00,2025-12-03 23:15:00
PR0024902,001,PRASA UNIBON WWTP COLLECTION SYSTEM,State Government,2220.0,2025,1,58500.0,2025-12-03 15:00:00,2025-12-03 18:15:00
PR0025356,001,PRASA CAYEY WWTP COLLECTION SYSTEM,State Government,35019.0,2025,3,243000.0,2025-09-01 14:20:00,2025-10-18 04:00:00
PR0025399,001,PRASA HUMACAO WWTP COLLECTION SYSTEM,State Government,60960.0,2025,8,1221150.0,2025-08-01 15:35:00,2025-11-17 16:50:00
PR0025445,001,PRASA GUAYAMA WWTP COLLECTION SYSTEM,State Government,78691.0,2025,3,900.0,2025-10-07 14:20:00,2025-10-07 14:36:00
PR0025453,001,PRASA VIEQUES WWTP COLLECTION SYSTEM,State Government,3133.0,2025,7,8137500.0,2025-08-22 13:30:00,2025-09-26 18:30:00
PR0025658,001,PRASA COMERIO WWTP COLLECTION SYSTEM,State Government,4900.0,2025,1,27000.0,2025-10-01 14:30:00,2025-10-01 16:00:00
PR0025879,001,PRASA LARES WWTP COLLECTION SYSTEM,State Government,8160.0,2025,3,299650.0,2025-08-15 10:36:00,2025-09-02 11:25:00
PR0025976,001,PRASA CAGUAS  WWTP COLLECTION SYSTEM,State Government,145687.0,2025,18,847800.0,2025-08-13 12:50:00,2025-11-24 21:10:00
PR0026484,001,PRASA FAJARDO NUEVA WWTP COLLECTION SYSTEM,State Government,71882.0,2025,14,3432000.0,2025-08-09 17:40:00,2025-11-30 14:10:00
PR0026531,001,PRASA JAYUYA NUEVA WWTP COLLECTION SYSTEM,State Government,9853.0,2025,4,1204100.0,2025-08-18 12:30:00,2025-09-10 12:30:00
PR0026549,001,PRASA - CULEBRA WWTP COLLECTION SYSTEM,State Government,1081.0,2025,1,715500.0,2025-10-19 01:15:00,2025-10-20 17:00:00
PR0026603,001,PRASA UTUADO NEW WWTP COLLECTION SYSTEM,State Government,14144.0,2025,2,30000.0,2025-09-02 20:00:00,
RISS00005,001,TOWN OF JOHNSTON WWCS,Municipality,15900.0,2024,2,1350.0,2024-06-01 11:00:00,2024-10-02 16:40:00
RISS00005,001,TOWN OF JOHNSTON WWCS,Municipality,15900.0,2025,6,1930.0,2025-05-20 15:00:00,2025-08-09 18:31:00
RISS00006,001,TOWN OF LINCOLN WWCS,Municipality,9400.0,2025,1,40.0,2025-05-29 17:31:00,2025-05-29 20:00:00
RISS00007,001,TOWN OF MIDDLETOWN WWCS,Municipality,5200.0,2024,5,25784.2,2024-03-10 04:08:00,2024-05-16 10:30:00
RISS00007,001,TOWN OF MIDDLETOWN WWCS,Municipality,5200.0,2025,4,22517.2,2025-05-15 13:25:00,2025-09-16 22:30:00
RISS00009,001,TOWN OF NORTH PROVIDENCE WWCS,Municipality,32100.0,2024,4,141.6,2024-03-09 08:45:00,2024-03-29 19:00:00
RISS00011,001,CITY OF PAWTUCKET WWCS,Municipality,72600.0,2024,8,160000.0,2024-05-23 11:00:00,2024-12-11 14:00:00
RISS00012,001,CITY OF PROVIDENCE WWCS,Municipality,178000.0,2024,3,2.0,2024-10-07 08:00:00,2024-11-25 16:25:00
RISS00012,001,CITY OF PROVIDENCE WWCS,Municipality,178000.0,2025,10,4.0,2025-02-13 12:20:00,2025-11-29 15:00:00
RISS00013,001,NAVAL STATION NEWPORT WWCS,Federal Facility (U.S. Government),10000.0,2024,1,50.0,2024-07-31 08:40:00,2024-07-31 09:40:00
RISS00013,001,NAVAL STATION NEWPORT WWCS,Federal Facility (U.S. Government),10000.0,2025,1,480.0,2025-04-11 21:00:00,2025-04-11 23:00:00
RISS00018,001,Bristol Sanitary Sewer System,Municipality,21100.0,2024,9,12103.0,2024-02-12 18:00:00,2024-07-08 13:01:00
RISS00018,001,Bristol Sanitary Sewer System,Municipality,21100.0,2025,1,80.0,2025-03-10 14:00:00,2025-03-10 15:15:00
RISS00019,001,Cranston Sanitary Sewer System,Municipality,73400.0,2024,4,224654.0,2024-02-17 09:00:00,2024-06-17 07:00:00
RISS00019,001,Cranston Sanitary Sewer System,Municipality,73400.0,2025,2,400.4,2025-02-09 20:50:00,2025-02-09 23:59:00
RISS00020,001,East Greenwich Sanitary Sewer System,Municipality,6020.0,2024,1,20.0,2024-05-24 13:30:00,2024-05-24 16:00:00
RISS00020,001,East Greenwich Sanitary Sewer System,Municipality,6020.0,2025,1,4.0,2025-10-11 17:00:00,2025-10-11 23:00:00
RISS00021,001,East Providence Sanitary Sewer System,Municipality,55000.0,2024,21,673.4,2024-02-20 12:40:00,2024-12-27 00:45:00
RISS00021,001,East Providence Sanitary Sewer System,Municipality,55000.0,2025,20,194.8,2025-01-25 07:18:00,2025-11-20 23:20:00
RISS00024,001,NBC Bucklin Combined Sewer System,Corporation,120000.0,2025,2,17032.0,2025-02-08 07:55:00,2025-02-08 19:10:00
RISS00025,001,Woonsocket Sanitary Sewer System,Municipality,51400.0,2024,1,200.0,2024-10-22 16:09:00,2024-10-22 17:00:00
RISS00025,001,Woonsocket Sanitary Sewer System,Municipality,51400.0,2025,3,3622.0,2025-05-06 15:23:00,2025-09-08 00:30:00
RISS00026,001,West Warwick Sanitary Sewer System,Municipality,31600.0,2024,3,556600.0,2024-03-10 11:35:00,2024-05-16 09:21:00
RISS00026,001,West Warwick Sanitary Sewer System,Municipality,31600.0,2025,2,610.0,2025-03-14 18:30:00,2025-06-05 17:20:00
RISS00027,001,Narragansett Sanitary Sewer System,Municipality,20300.0,2024,1,2.0,2024-08-25 14:00:00,2024-08-25 14:40:00
RISS00029,001,Warwick Sanitary Sewer System,Municipality,61130.0,2024,14,71980.0,2024-03-12 09:07:00,2024-12-21 15:00:00
RISS00029,001,Warwick Sanitary Sewer System,Municipality,61130.0,2025,10,13250.0,2025-01-27 20:15:00,2025-11-12 18:40:00
RISS00030,001,Smithfield Sanitary Sewer System,Municipality,14150.0,2024,1,4.0,2024-07-31 03:25:00,2024-07-31 04:29:00
RISS00030,001,Smithfield Sanitary Sewer System,Municipality,14150.0,2025,1,7500.0,2025-04-29 14:00:00,2025-04-29 15:30:00
RISS00031,001,Newport Combined Sewer System,Municipality,41600.0,2024,10,9668.0,2024-02-11 13:30:00,2024-12-05 19:30:00
RISS00031,001,Newport Combined Sewer System,Municipality,41600.0,2025,1,8.0,2025-09-05 13:00:00,2025-09-05 16:22:00
RISS00032,001,NBC-Field's Point Combined Sewer System,Corporation,226000.0,2024,1,10.0,2024-03-16 16:00:00,2024-03-16 16:30:00
RISS00032,001,NBC-Field's Point Combined Sewer System,Corporation,226000.0,2025,1,12066.0,2025-07-28 02:15:00,2025-07-29 14:00:00
RISS00034,001,South Kingstown Sanitary Sewer System,Municipality,29400.0,2024,1,1520.0,2024-10-10 06:55:00,2024-10-10 10:05:00
RISS00036,001,Burrillville Sanitary Sewer System,Municipality,9700.0,2024,1,3640.0,2024-12-12 17:00:00,2024-12-13 07:00:00
RISS00037,001,TIVERTON SANITARY SEWER SYSTEM,Municipality,1302.0,2025,2,8.0,2025-04-26 21:40:00,2025-04-26 23:15:00
SD0020010,001,"Madison, City of SSCS",Municipality,6474.0,2025,2,16.0,2025-01-09 08:00:00,2025-01-09 19:00:00
SD0020044,001,"Spearfish, City of SSCS",Municipality,11000.0,2024,3,150000.0,2024-07-02 10:00:00,2024-07-02 18:00:00
SD0020044,001,"Spearfish, City of SSCS",Municipality,11000.0,2025,1,100.0,2025-05-05 01:30:00,2025-05-05 13:00:00
SD0020052,001,"Sturgis, City of SSCS",Municipality,6741.0,2024,1,2.0,2024-11-13 08:50:00,2024-11-13 18:00:00
SD0020052,001,"Sturgis, City of SSCS",Municipality,6741.0,2025,1,20.0,2025-06-04 13:45:00,2025-06-04 13:50:00
SD0020176,001,"Pierre, City of SSCS",Municipality,13646.0,2023,8,510.0,2023-04-23 12:48:00,2023-09-22 09:45:00
SD0020176,001,"Pierre, City of SSCS",Municipality,13646.0,2024,4,540.0,2024-01-14 06:10:00,2024-11-01 10:15:00
SD0020176,001,"Pierre, City of SSCS",Municipality,13646.0,2025,1,100.0,2025-08-26 14:45:00,2025-08-26 15:00:00
SD0020460,001,"Wessington Springs, City of SSCS",Municipality,956.0,2025,1,4800.0,2025-08-11 13:00:00,2025-08-11 17:00:00
SD0020567,001,"North Sioux City, City of SSCS",Municipality,1832.0,2024,1,889200.0,2024-06-23 14:00:00,2024-07-03 21:00:00
SD0020702,001,"Aberdeen, City of SSCS",Municipality,26091.0,2023,1,4.0,2023-12-28 12:00:00,2023-12-28 12:20:00
SD0020702,001,"Aberdeen, City of SSCS",Municipality,26091.0,2024,6,12086.0,2024-04-23 13:30:00,2024-12-30 09:30:00
SD0020702,001,"Aberdeen, City of SSCS",Municipality,26091.0,2025,3,140.0,2025-02-14 13:00:00,2025-04-21 22:00:00
SD0020753,001,"Arlington, City of SSCS",Municipality,915.0,2025,1,264000.0,2025-08-06 11:00:00,2025-08-06 22:00:00
SD0020826,001,"Sisseton, City of SSCS",Municipality,2470.0,2024,1,140.0,2024-05-03 16:45:00,2024-05-03 18:00:00
SD0020931,001,"New Effington, Town of SSCS",Municipality,256.0,2024,1,168000.0,2024-06-03 01:00:00,2024-06-10 10:00:00
SD0020966,001,"Salem, City of SSCS",Municipality,1347.0,2024,2,6006000.0,2024-06-21 03:00:00,2024-06-24 13:30:00
SD0021610,001,USNPS - Mt. Rushmore National Memorial SSCS,Federal Facility (U.S. Government),170.0,2024,1,2000.0,2024-03-15 12:00:00,2024-03-15 13:00:00
SD0021750,001,"Hartford, City of SSCS",Municipality,2534.0,2024,1,10000.0,2024-06-21 13:30:00,2024-06-21 16:30:00
SD0021750,001,"Hartford, City of SSCS",Municipality,2534.0,2025,2,4000.0,2025-01-10 11:00:00,2025-01-10 14:15:00
SD0022128,001,"Sioux Falls, City of SSCS",Municipality,178500.0,2023,3,114553.4,2023-07-05 17:00:00,2023-07-26 14:23:00
SD0022128,001,"Sioux Falls, City of SSCS",Municipality,178500.0,2024,7,64020.0,2024-02-28 13:50:00,2024-10-14 10:45:00
SD0022128,001,"Sioux Falls, City of SSCS",Municipality,178500.0,2025,4,262200.0,2025-02-27 09:00:00,2025-08-12 22:50:00
SD0022144,001,"Estelline, City of SSCS",Municipality,768.0,2025,4,400000.0,2025-01-29 05:00:00,2025-02-13 17:00:00
SD0022403,001,"Tripp, City of SSCS",Municipality,647.0,2024,1,9784800.0,2024-06-21 08:00:00,2024-06-28 21:00:00
SD0022489,001,"Canton, City of SSCS",Municipality,3057.0,2025,1,1000.0,2025-10-01 16:31:00,2025-10-01 16:50:00
SD0022535,001,"Brandon, City of SSCS",Municipality,8785.0,2024,1,12000.0,2024-11-28 13:00:00,2024-11-29 08:30:00
SD0022551,001,"Colman, City of SSCS",Municipality,594.0,2025,1,20000.0,2025-07-10 03:30:00,2025-07-10 13:15:00
SD0022853,001,"Scotland, City of SSCS",Municipality,841.0,2024,1,3.4,2024-06-21 10:00:00,2024-07-03 17:00:00
SD0022918,001,"Hot Springs, City of SSCS",Municipality,3711.0,2023,1,9.4,2023-12-10 10:25:00,2023-12-10 11:05:00
SD0022918,001,"Hot Springs, City of SSCS",Municipality,3711.0,2024,9,8600.0,2024-05-30 13:15:00,2024-11-19 10:45:00
SD0022918,001,"Hot Springs, City of SSCS",Municipality,3711.0,2025,6,12800.0,2025-01-27 05:30:00,2025-06-17 20:30:00
SD0023281,001,"Custer, City of SSCS",Municipality,2500.0,2025,2,600.0,2025-01-22 08:45:00,2025-01-22 11:37:00
SD0023361,001,"Mitchell, City of SSCS",Municipality,24440.0,2025,5,2553.4,2025-04-18 16:00:00,2025-09-30 16:40:00
SD0023370,001,"Watertown, City of SSCS",Municipality,21482.0,2023,2,4200.0,2023-04-20 13:05:00,2023-07-26 12:42:00
SD0023370,001,"Watertown, City of SSCS",Municipality,21482.0,2024,4,670.0,2024-01-25 14:38:00,2024-09-19 18:35:00
SD0023434,001,"Huron, City of SSCS",Municipality,12592.0,2025,2,38800.0,2025-03-26 10:00:00,2025-08-20 20:00:00
SD0023574,001,"Rapid City, City of SSCS",Municipality,67956.0,2023,8,127850.0,2023-05-25 17:00:00,2023-12-18 11:30:00
SD0023574,001,"Rapid City, City of SSCS",Municipality,67956.0,2024,6,265002.0,2024-04-15 06:45:00,2024-12-30 09:45:00
SD0023574,001,"Rapid City, City of SSCS",Municipality,67956.0,2025,6,1620.0,2025-05-12 16:00:00,2025-09-10 15:00:00
SD0023582,001,"Ft. Pierre, City of SSCS",Municipality,2078.0,2023,1,1000.0,2023-12-20 08:00:00,2023-12-20 12:00:00
SD0023582,001,"Ft. Pierre, City of SSCS",Municipality,2078.0,2024,1,3000.0,2024-05-15 21:30:00,2024-05-16 04:00:00
SD0023582,001,"Ft. Pierre, City of SSCS",Municipality,2078.0,2025,4,7240.0,2025-01-21 09:00:00,2025-03-18 21:00:00
SD0026778,001,Wall Lake Sanitary District SSCS,Municipality,200.0,2025,2,400.0,2025-01-28 06:57:00,2025-01-31 08:00:00
SD0026794,001,USCOE - OAHE DAM SSCS,Federal Facility (U.S. Government),40.0,2025,3,1002.0,2025-02-21 19:00:00,2025-08-26 18:30:00
SD0026999,001,Country Village    MHC SSCS,Privately Owned Facility,300.0,2023,1,80000.0,2023-08-30 18:00:00,2023-09-05 18:00:00
SDG820397,001,"Spencer, Town of SSCS",Municipality,154.0,2024,1,9408000.0,2024-06-20 23:30:00,2024-06-25 20:15:00
SDG820591,001,"Gary, City of SSCS",Municipality,227.0,2024,1,5187061.2,2024-01-24 11:00:00,2024-01-31 09:26:00
SDG821679,001,"Willow Lake, City of SSCS",Municipality,263.0,2025,1,3384000.0,2025-09-18 13:00:00,2025-09-26 22:05:00
SDG826743,001,"Ravinia, Town of SSCS",Municipality,61.0,2024,1,800.4,2024-05-22 09:35:00,2024-05-22 15:08:00
SDG922705,001,"Langford, Town of SSCS",Municipality,313.0,2025,1,15639000.0,2025-08-14 06:30:00,2025-08-22 15:00:00
TX0032735,001,BARRY ROSE WWTF SSCS,Municipality,123000.0,2023,1,37500.0,2023-10-26 15:28:00,2023-10-26 15:44:00
TX0032735,001,BARRY ROSE WWTF SSCS,Municipality,123000.0,2025,4,7160.0,2025-01-01 10:39:00,2025-04-21 19:10:00
UTG580023,001,Highland City SSCS,Municipality,19611.0,2023,1,68000.0,2023-09-11 00:00:00,2023-09-11 12:45:00
VI0002003,001,Mangrove Lagoon Collection System,State Government,5129.0,2025,2,900.0,2025-09-14 14:15:00,2025-09-22 15:58:00
VI0020036,001,Anguilla Wastewater Treatment Facility Collection ,State Government,41004.0,2024,1,40000.0,2024-11-18 07:00:00,2024-11-18 07:30:00
VI0020036,001,Anguilla Wastewater Treatment Facility Collection ,State Government,41004.0,2025,4,20150.0,2025-01-21 08:45:00,2025-09-05 12:30:00
VI0020044,001,Red Point Wastewater Treatment Facility Collection,State Government,18753.0,2025,2,980.0,2025-09-25 16:41:00,2025-10-03 16:10:00
WA0021954,001,Joint Base Lewis-Mcchord Sanitary Sewer System,Federal Facility (U.S. Government),59150.0,2023,19,4460.0,2023-02-17 16:00:00,2023-12-12 15:09:00
WA0021954,001,Joint Base Lewis-Mcchord Sanitary Sewer System,Federal Facility (U.S. Government),59150.0,2024,8,7078.0,2024-01-23 07:00:00,2024-12-04 11:30:00
WA0021954,001,Joint Base Lewis-Mcchord Sanitary Sewer System,Federal Facility (U.S. Government),59150.0,2025,9,714.0,2025-01-18 11:10:00,2025-08-19 18:15:00
